05.01(금),종일일정,?근로자의 날,
05.03(일),종일일정,?교회교육주일(어린이·청소년 주일),
05.04(월),종일일정,?연차휴가 김수용,
,종일일정,?연차휴가 문경임,
,종일일정,?대체휴가 이성훈,
,종일일정,?[총무]10:30 유지재단 농촌개발원소위원회,
,오전 09:30 ~ 오후 05:00,?목회자 테니스 대회,
,오후 03:00 ~ 오후 05:00,?한종사협정책제안토론회,
05.05(화),종일일정,?어린이날,
05.06(수),오전 11:00 ~ 오후 02:00,?직원 아카데미 방문,
,오후 01:00 ~ 오후 02:30,?전도와 양육 사례 발표회(강사:금창락 목사),
05.07(목),종일일정,?13시 신임 노회장.서기.회계 간담회(초대교회),
05.08(금),종일일정,?연차휴가 박애은,
,오후 01:00 ~ 오후 02:00,?총회 목회자 수급 대책 특별위원회 2차 회의,
05.09(토),종일일정,?연무대교회 진중세례식,
05.11(월),종일일정,?대체휴가 윤치상,
,종일일정,?연차휴가 박애은,
,오전 11:00 ~ 오후 12:00,?재판국(초대교회),
,오후 01:00 ~ 오후 02:00,?서울 상소건 재판국 증거조사위원(초대교회),
,오후 02:00 ~ 오후 03:30,?경북 재심건 재판국 증거조사위원(초대교회),
05.12(화),종일일정,?대체휴가 윤치상,
,종일일정,?[불참] (총회장) 미국 NCKPC 총회,박성국
,종일일정,"?[총회장설교, 총무인사] 여름중간지도자강습회",
,오전 11:00 ~ 오후 03:00,?여신도회 실행위원회(대회의실),
05.13(수),종일일정,?[불참] (총회장) 미국 NCKPC 총회,박성국
,종일일정,"?[총회장설교, 총무인사] 여름중간지도자강습회",
,오후 01:00 ~ 오후 02:30,?전도와 양육 사례 발표회(양청교회 조남형 목사),
05.14(목),종일일정,?[불참] (총회장) 미국 NCKPC 총회,박성국
,오전 10:00 ~ 오후 02:00,?홍콩 대학생 한국교회 소개,박성국
,오전 10:00 ~ 오전 11:00,?공천위원회 4차 임시회,
,오후 01:00 ~ 오후 04:30,?헌법위원회 소위원(오송 전국장로회연합회 회의실),
05.15(금),종일일정,?[불참] (총회장) 미국 NCKPC 총회,박성국
,종일일정,?COS,박성국
,오후 02:00 ~ 오후 03:30,?신도위원회 각신도회임원회 연석회의,
05.16(토),종일일정,?COS,박성국
,오후 01:00 ~ 오후 04:30,?교회교육전문가과정(익산1),
05.17(일),종일일정,?COS,박성국
,오후 03:00 ~ 오후 09:00,?교회교육전문가과정(정읍기본3),
,오후 04:00 ~ 오후 06:00,?5·18민주화운동 46주년 기념예배(전남·광주 5개 노회 주관),
05.18(월),종일일정,?COS,박성국
,오전 11:00 ~ 오후 12:00,?기장 5·18신학화 사업(전남·광주5개노회 주관),
,오후 02:00 ~ 오후 03:30,?5.18민주화운동 46주기 기념예배,
,오후 04:00 ~ 오후 06:00,?5.18 민주묘역 참배(총회 임원),
05.19(화),종일일정,?13시 실행위원회(아가페홀),
,종일일정,?11시 총회임원 회의(대회의실),
,오전 11:00 ~ 오후 12:00,?서대문선교회관개발사업을 위한 노회장ㆍ장로부총회장 초청 설명회,
,오후 04:00 ~ 오후 06:00,?[총회장 총무] ncck 여성위원회 순회간담회,
05.20(수),오후 01:00 ~ 오후 02:30,?5.18 신학화 사례 발표회(강사:전남광주5개노회),
05.23(토),오후 01:00 ~ 오후 04:30,?교회교육전문가과정(익산2),
05.24(일),종일일정,?석가탄신일,
05.25(월),종일일정,?석가탄신일 대체 공휴일,
,종일일정,?UCCP 총회,박성국
05.26(화),종일일정,?UCCP 총회,박성국
,오전 11:00 ~ 오후 12:30,?[총회장 격려사] 여신도회전국연합회 총회(3층 아가페홀)-11:40,
05.27(수),종일일정,?UCCP 총회,박성국
,오후 01:00 ~ 오후 02:30,?전도와 양육 사례 발표회(푸른숲성산교회 최임성 목사),
05.28(목),종일일정,?UCCP 총회,박성국
,종일일정,?선교정책협의회(예정),
,오전 10:00 ~ 오후 06:00,?수련과정 수료예식과 파송예배,
05.29(금),종일일정,?선교정책협의회(예정),
05.30(토),오후 01:00 ~ 오후 04:30,?교회교육전문가과정(익산3),
06.01(월),종일일정,?6월 설교문 발송,강원용
06.02(화),종일일정,?구역 가정예배 교재 집필진 공동워크숍 4차,
,종일일정,?연차휴가 남소현(오후),
,종일일정,?대체휴가 남소현(오전),
06.03(수),종일일정,?지방선거,
06.04(목),종일일정,?연차휴가 남소현,
06.05(금),종일일정,?연차휴가 남소현,
,종일일정,?문정은 취임,박성국
06.06(토),종일일정,?현충일,
06.08(월),종일일정,?선거후보자 등록,
06.09(화),종일일정,?선거후보자 등록,
06.10(수),종일일정,?선거후보자 등록,
,오후 01:00 ~ 오후 02:30,?전도와 양육 사례 발표회(강사:서울대학교병원 이대건 목사),
06.11(목),종일일정,?총회 임원수련회(목포),
06.12(금),종일일정,?총회 임원수련회(목포),
06.13(토),종일일정,?총회 임원수련회(목포),
,종일일정,?Baden Ecumenical Gathering,박성국
,오후 01:00 ~ 오후 04:30,?교회교육전문가과정(익산4),
06.14(일),종일일정,?Baden Ecumenical Gathering,박성국
,종일일정,?총회 선교주일,
,종일일정,?전국 동시다발 영적대각성집회,
06.15(월),종일일정,?Baden Ecumenical Gathering,박성국
,오후 03:00 ~ 오후 04:00,?수련과정운영위원회,
,오후 04:00 ~ 오후 05:00,?고시위원회,
06.16(화),종일일정,?Baden Ecumenical Gathering,박성국
,오전 09:30 ~ 오후 04:00,?제2차 총회 목사고시,
06.17(수),종일일정,?Baden Ecumenical Gathering,박성국
,오후 01:00 ~ 오후 02:30,?교회 합병 사례 발표회(아름다운상원교회 금은경 목사),
06.18(목),종일일정,?[한기장] 중간관리자 법인교육,
,종일일정,"?[총회장, 총무] 노년교재 세미나(예정)",
06.19(금),종일일정,?[한기장] 중간관리자 법인교육,
06.20(토),오후 01:00 ~ 오후 04:30,?교회교육전문가과정(익산5),
06.22(월),오전 11:00 ~ 오후 05:00,?교육사기본과정-집필진 모임,
06.23(화),종일일정,?[불참] PC-USA 미국장로교회 총회,박성국
,종일일정,?구역 가정예배 교재 집필진 공동워크숍 5차,
,종일일정,"?[총회장,총무]연합신도대회(신도위원회주관)/예정",
06.24(수),종일일정,?[불참] PC-USA 미국장로교회 총회,박성국
,오후 01:00 ~ 오후 02:30,?전도와 양육 사례 발표회(강사:서울남노회 노숙인학교옹달샘 권영종 목사),
06.25(목),종일일정,?[불참] PC-USA 미국장로교회 총회,박성국
,종일일정,?기장 성경공부 교재 시연 세미나,
06.26(금),종일일정,?[불참] PC-USA 미국장로교회 총회,박성국
06.27(토),종일일정,?[불참] PC-USA 미국장로교회 총회,박성국
06.28(일),종일일정,?[불참] PC-USA 미국장로교회 총회,박성국
06.29(월),종일일정,?[불참] PC-USA 미국장로교회 총회,박성국
,종일일정,?1차 노회록 검사,
,종일일정,?7월 설교문 발송,강원용
06.30(화),종일일정,?[불참] PC-USA 미국장로교회 총회,박성국
,종일일정,?1차 노회록 검사,
07.01(수),종일일정,?[불참] PC-USA 미국장로교회 총회,박성국
,오후 01:00 ~ 오후 02:30,?전도와 양육 사례 발표회,
07.02(목),종일일정,?[불참] PC-USA 미국장로교회 총회,박성국
,종일일정,?선거후보자 면접,
07.07(화),종일일정,?[총회장 설교] 전국장로대회(홍천비발디파크),
07.08(수),종일일정,?[총회장 설교] 전국장로대회(홍천비발디파크),
,오후 01:00 ~ 오후 02:30,?전도와 양육 사례 발표회,
07.09(목),종일일정,?[총회장 설교] 전국장로대회(홍천비발디파크),
,오전 10:00 ~ 오전 11:00,?Lianna 귀국,박성국
07.15(수),오후 01:00 ~ 오후 02:30,?전도와 양육 사례 발표회,
07.22(수),오후 01:00 ~ 오후 02:30,?전도와 양육 사례 발표회,
07.23(목),오후 01:30 ~ 오후 03:00,?NCCK 3차 실행위원회,
07.27(월),종일일정,?8월 설교문 발송,강원용
,종일일정,?11:00 총회 임원 회의(광주한빛교회),
,종일일정,?13:00 실행위원회(광주한빛교회),
07.29(수),오후 01:00 ~ 오후 02:30,?전도와 양육 사례 발표회,
08.05(수),오후 01:00 ~ 오후 02:30,?전도와 양육 사례 발표회,
08.12(수),오후 01:00 ~ 오후 02:30,?전도와 양육 사례 발표회,
08.15(토),종일일정,?광복절,
08.17(월),종일일정,?광복절 대체공휴일,
08.19(수),오후 01:00 ~ 오후 02:30,?전도와 양육 사례 발표회,
08.22(토),종일일정,?제12회 전국 어린이 찬양제,
08.25(화),종일일정,?[총회장] 13:00 목사수련생수련과정 집중교육,
,종일일정,?남신도회전국대회(횡성 웰리힐리파크),
08.26(수),종일일정,?[총회장] 13:00 목사수련생수련과정 집중교육,
,종일일정,?남신도회전국대회(횡성 웰리힐리파크),
,오후 01:00 ~ 오후 02:30,?전도와 양육 사례 발표회,
08.27(목),종일일정,?[총회장] 13:00 목사수련생수련과정 집중교육,
,종일일정,?남신도회전국대회(횡성 웰리힐리파크),
08.28(금),종일일정,?[총회장] 13:00 목사수련생수련과정 집중교육,
08.31(월),종일일정,?9월 설교문 발송,강원용
,오후 02:00 ~ 오후 05:00,?교재집필아카데미1,
09.02(수),오후 01:00 ~ 오후 02:30,?전도와 양육 사례 발표회,
09.07(월),오후 02:00 ~ 오후 05:00,?교재집필아카데미2강,
09.09(수),오후 01:00 ~ 오후 02:30,?전도와 양육 사례 발표회,
09.11(금),종일일정,?NCCK Peace Convocation,박성국
09.12(토),종일일정,?NCCK Peace Convocation,박성국
09.13(일),종일일정,?NCCK Peace Convocation,박성국
09.15(화),종일일정,?제111회 총회,
09.16(수),종일일정,?제111회 총회,
09.17(목),종일일정,?제111회 총회,
09.21(월),오후 02:00 ~ 오후 05:00,?교재집필아카데미3강,
09.25(금),종일일정,?추석,
09.28(월),종일일정,?위르겐 몰트만 탄생 100주년 기념 국제학술 콘퍼런스,
,종일일정,?10월 설교문 발송,강원용
,오후 02:00 ~ 오후 05:00,?교재집필아카데미4강,
09.29(화),종일일정,?위르겐 몰트만 탄생 100주년 기념 국제학술 콘퍼런스,
09.30(수),종일일정,?위르겐 몰트만 탄생 100주년 기념 국제학술 콘퍼런스,
,오후 01:00 ~ 오후 02:30,?전도와 양육 사례 발표회,
10.01(목),종일일정,?위르겐 몰트만 탄생 100주년 기념 국제학술 콘퍼런스,
10.02(금),종일일정,?위르겐 몰트만 탄생 100주년 기념 국제학술 콘퍼런스,
10.03(토),종일일정,?개천절,
,종일일정,?위르겐 몰트만 탄생 100주년 기념 국제학술 콘퍼런스,
10.04(일),종일일정,?위르겐 몰트만 탄생 100주년 기념 국제학술 콘퍼런스,
10.05(월),종일일정,?개천절 대체공휴일,
,종일일정,?위르겐 몰트만 탄생 100주년 기념 국제학술 콘퍼런스,
10.07(수),오후 01:00 ~ 오후 02:30,?전도와 양육 사례 발표회,
10.09(금),종일일정,?한글날,
10.12(월),종일일정,"?[총회장설교, 총무인사] 2027 신년목회세미나(전북 무주)",
10.13(화),종일일정,"?[총회장설교, 총무인사] 2027 신년목회세미나(전북 무주)",
10.14(수),종일일정,"?[총회장설교, 총무인사] 2027 신년목회세미나(전북 무주)",
,오후 01:00 ~ 오후 02:30,?전도와 양육 사례 발표회,
10.17(토),오후 01:00 ~ 오후 05:00,?강원노회교육사1,
10.18(일),종일일정,?baden,박성국
10.19(월),종일일정,?baden,박성국
,종일일정,?CCT 총회,박성국
,오후 02:00 ~ 오후 05:00,?교재집필아카데미5강,
10.20(화),종일일정,?baden,박성국
,종일일정,?CCT 총회,박성국
10.21(수),종일일정,?baden,박성국
,종일일정,?CCT 총회,박성국
,오후 01:00 ~ 오후 02:30,?전도와 양육 사례 발표회,
10.22(목),종일일정,?baden,박성국
,종일일정,?CCT 총회,박성국
,오후 01:30 ~ 오후 03:00,?NCCK 4차 실행위원회,
10.23(금),종일일정,?baden,박성국
,종일일정,?CCT 총회,박성국
10.24(토),오후 01:00 ~ 오후 05:00,?강원노회교육사2,
10.26(월),종일일정,?11월 설교문 발송,강원용
,오후 02:00 ~ 오후 05:00,?교재집필아카데미6강,
10.28(수),오후 01:00 ~ 오후 02:30,?전도와 양육 사례 발표회,
10.31(토),오후 01:00 ~ 오후 05:00,?강원노회교육사3,
11.02(월),오후 02:00 ~ 오후 05:00,?교재집필아카데미7강,
11.04(수),오후 01:00 ~ 오후 02:30,?전도와 양육 사례 발표회,
11.07(토),오후 01:00 ~ 오후 05:00,?강원노회교육사4,
11.11(수),오후 01:00 ~ 오후 02:30,?전도와 양육 사례 발표회,
11.14(토),오후 01:00 ~ 오후 05:00,?강원노회교육사5,
11.17(화),종일일정,?WCC 2차 실행위원회 (김서영),박성국
11.18(수),종일일정,?WCC 2차 실행위원회 (김서영),박성국
,오후 01:00 ~ 오후 02:30,?전도와 양육 사례 발표회,
11.19(목),종일일정,?WCC 2차 실행위원회 (김서영),박성국
11.20(금),종일일정,?WCC 2차 실행위원회 (김서영),박성국
11.21(토),종일일정,?WCC 2차 실행위원회 (김서영),박성국
11.22(일),종일일정,?WCC 2차 실행위원회 (김서영),박성국
11.23(월),종일일정,?WCC 2차 실행위원회 (김서영),박성국
,종일일정,?[총회장설교. 총무인사] 28기 장로교육(대천),
11.24(화),종일일정,?WCC 2차 실행위원회 (김서영),박성국
,종일일정,?[총회장설교. 총무인사] 28기 장로교육(대천),
11.25(수),종일일정,?WCC 2차 실행위원회 (김서영),박성국
,오후 01:00 ~ 오후 02:30,?전도와 양육 사례 발표회,
11.30(월),종일일정,?12월 설교문 발송,강원용
12.02(수),오후 01:00 ~ 오후 02:30,?전도와 양육 사례 발표회,
12.09(수),오후 01:00 ~ 오후 02:30,?전도와 양육 사례 발표회,
12.16(수),오후 01:00 ~ 오후 02:30,?전도와 양육 사례 발표회,
12.23(수),오후 01:00 ~ 오후 02:30,?전도와 양육 사례 발표회,
12.25(금),종일일정,?크리스마스,
12.30(수),오후 01:00 ~ 오후 02:30,?전도와 양육 사례 발표회,
01.01(금),종일일정,?1월1일,
